2019-09-01T00:10,73.000,75.330,64.700,30.120,0.000
2019-09-01T00:20,72.900,75.230,64.700,30.125,0.000
2019-09-01T00:30,72.800,75.244,65.700,30.125,0.000
2019-09-01T00:40,72.600,75.044,65.700,30.125,0.000
2019-09-01T00:50,72.400,74.844,65.700,30.127,0.000
2019-09-01T01:00,72.200,74.760,66.700,30.129,0.000
2019-09-01T01:10,72.000,74.677,67.700,30.129,0.000
2019-09-01T01:20,71.700,74.496,68.700,30.128,0.000
2019-09-01T01:30,71.400,74.316,69.700,30.128,0.000
2019-09-01T01:40,71.100,74.137,70.700,30.128,0.000
2019-09-01T01:50,70.900,73.937,70.700,30.127,0.000
2019-09-01T02:00,70.800,73.960,71.700,30.122,0.000
2019-09-01T02:10,70.700,73.984,72.700,30.122,0.000
2019-09-01T02:20,70.600,73.884,72.700,30.120,0.000
2019-09-01T02:30,70.400,73.809,73.700,30.120,0.000
2019-09-01T02:40,70.300,73.835,74.700,30.120,0.000
2019-09-01T02:50,70.100,73.763,75.700,30.117,0.000
2019-09-01T03:00,70.100,73.893,76.700,30.114,0.000
2019-09-01T03:10,70.100,73.893,76.700,30.114,0.000
2019-09-01T03:20,70.000,73.793,76.700,30.112,0.000
2019-09-01T03:30,69.900,73.823,77.700,30.109,0.000
2019-09-01T03:40,69.900,73.955,78.700,30.109,0.000
2019-09-01T03:50,70.000,74.189,79.700,30.109,0.000
2019-09-01T04:00,70.200,74.523,80.700,30.112,0.000
2019-09-01T04:10,70.200,74.523,80.700,30.112,0.000
2019-09-01T04:20,70.300,74.623,80.700,30.113,0.000
2019-09-01T04:30,70.300,74.759,81.700,30.113,0.000
2019-09-01T04:40,70.200,74.659,81.700,30.113,0.000
2019-09-01T04:50,70.200,74.659,81.700,30.112,0.000
2019-09-01T05:00,70.300,74.759,81.700,30.113,0.000
2019-09-01T05:10,70.300,74.897,82.700,30.113,0.000
2019-09-01T05:20,70.400,74.997,82.700,30.113,0.000
2019-09-01T05:30,70.600,75.197,82.700,30.113,0.000
2019-09-01T05:40,70.600,75.197,82.700,30.113,0.000
2019-09-01T05:50,70.700,75.297,82.700,30.115,0.000
2019-09-01T06:00,70.700,75.435,83.700,30.115,0.000
2019-09-01T06:10,70.600,75.335,83.700,30.115,0.000
2019-09-01T06:20,70.600,75.335,83.700,30.116,0.000
2019-09-01T06:30,70.600,75.335,83.700,30.125,0.000
2019-09-01T06:40,70.700,75.435,83.700,30.125,0.000
2019-09-01T06:50,70.800,75.535,83.700,30.129,0.000
2019-09-01T07:00,71.100,75.975,84.700,30.131,0.000
2019-09-01T07:10,71.500,76.375,84.700,30.131,0.000
2019-09-01T07:20,71.900,76.775,84.700,30.137,0.000
2019-09-01T07:30,72.500,77.375,84.700,30.140,0.000
2019-09-01T07:40,73.100,77.975,84.700,30.140,0.000
2019-09-01T07:50,73.800,78.535,83.700,30.138,2.000
2019-09-01T08:00,74.800,79.259,81.700,30.134,0.000
2019-09-01T08:10,75.500,79.689,79.700,30.134,0.000
2019-09-01T08:20,76.800,80.463,75.700,30.136,3.000
2019-09-01T08:30,77.100,80.260,71.700,30.136,2.000
2019-09-01T08:40,77.600,80.637,70.700,30.136,0.000
2019-09-01T08:50,78.200,81.237,70.700,30.141,0.000
2019-09-01T09:00,79.500,81.944,65.700,30.143,3.000
2019-09-01T09:10,79.100,81.896,68.700,30.143,3.000
2019-09-01T09:20,80.000,82.677,67.700,30.143,2.000
2019-09-01T09:30,80.400,83.153,66.700,30.143,4.000
2019-09-01T09:40,80.100,82.586,65.700,30.143,2.000
2019-09-01T09:50,81.400,84.375,64.700,30.142,0.000
2019-09-01T10:00,82.200,84.851,60.700,30.144,2.000
2019-09-01T10:10,82.200,85.046,61.700,30.144,3.000
2019-09-01T10:20,82.900,85.267,57.700,30.144,0.000
2019-09-01T10:30,83.300,85.411,55.700,30.146,7.000
2019-09-01T10:40,84.400,87.030,55.700,30.146,9.000
2019-09-01T10:50,84.200,86.979,56.700,30.145,3.000
2019-09-01T11:00,85.900,88.824,53.700,30.144,6.000
2019-09-01T11:10,85.400,88.617,55.700,30.144,4.000
2019-09-01T11:20,84.900,87.810,55.700,30.148,0.000
2019-09-01T11:30,86.000,89.953,56.700,30.148,9.000
2019-09-01T11:40,86.800,90.669,54.700,30.148,3.000
2019-09-01T11:50,85.500,87.620,51.700,30.148,0.000
2019-09-01T12:00,84.100,86.575,55.700,30.147,0.000
2019-09-01T12:10,86.700,88.257,47.700,30.147,4.000
2019-09-01T12:20,85.700,87.367,49.700,30.151,4.000
2019-09-01T12:30,86.400,88.106,48.700,30.149,6.000
2019-09-01T12:40,85.400,86.437,47.700,30.149,5.000
2019-09-01T12:50,86.000,87.526,48.700,30.144,2.000
2019-09-01T13:00,86.400,88.398,49.700,30.143,0.000
2019-09-01T13:10,86.600,88.701,49.700,30.143,3.000
2019-09-01T13:20,85.500,87.347,50.700,30.145,0.000
2019-09-01T13:30,85.900,87.937,50.700,30.142,4.000
2019-09-01T13:40,87.000,88.113,45.700,30.142,0.000
2019-09-01T13:50,86.900,89.164,49.700,30.134,12.000
2019-09-01T14:00,85.000,86.385,49.700,30.132,2.000
2019-09-01T14:10,86.400,88.697,50.700,30.132,0.000
2019-09-01T14:20,86.600,88.111,47.700,30.127,5.000
2019-09-01T14:30,86.300,87.960,48.700,30.123,5.000
2019-09-01T14:40,85.600,86.707,47.700,30.123,3.000
2019-09-01T14:50,85.300,86.800,49.700,30.115,0.000
2019-09-01T15:00,85.400,87.202,50.700,30.113,4.000
2019-09-01T15:10,86.100,88.534,51.700,30.113,0.000
2019-09-01T15:20,85.400,87.202,50.700,30.113,4.000
2019-09-01T15:30,83.700,85.755,54.700,30.110,2.000
2019-09-01T15:40,85.500,87.900,52.700,30.110,0.000
2019-09-01T15:50,85.000,87.147,52.700,30.105,4.000
2019-09-01T16:00,84.600,87.338,55.700,30.102,2.000
2019-09-01T16:10,84.000,86.185,54.700,30.102,2.000
2019-09-01T16:20,83.500,85.695,55.700,30.098,0.000
2019-09-01T16:30,83.200,85.270,55.700,30.097,0.000
2019-09-01T16:40,82.300,84.422,57.700,30.097,2.000
2019-09-01T16:50,82.300,84.422,57.700,30.096,3.000
2019-09-01T17:00,82.300,84.999,60.700,30.097,1.000
2019-09-01T17:10,81.600,83.984,60.700,30.097,2.000
2019-09-01T17:20,81.700,84.479,62.700,30.098,0.000
2019-09-01T17:30,81.000,83.610,63.700,30.097,6.000
2019-09-01T17:40,80.200,82.485,63.700,30.097,3.000
2019-09-01T17:50,80.500,83.167,65.700,30.096,0.000
2019-09-01T18:00,79.500,82.060,66.700,30.097,0.000
2019-09-01T18:10,78.700,81.496,68.700,30.097,3.000
2019-09-01T18:20,78.800,81.596,68.700,30.099,0.000
2019-09-01T18:30,78.600,81.637,70.700,30.095,0.000
2019-09-01T18:40,78.600,81.516,69.700,30.095,1.000
2019-09-01T18:50,78.300,81.337,70.700,30.094,0.000
2019-09-01T19:00,78.100,81.260,71.700,30.094,0.000
2019-09-01T19:10,78.000,81.160,71.700,30.094,1.000
2019-09-01T19:20,77.700,80.984,72.700,30.090,5.000
2019-09-01T19:30,77.300,80.709,73.700,30.089,0.000
2019-09-01T19:40,77.100,80.635,74.700,30.089,0.000
2019-09-01T19:50,76.900,80.435,74.700,30.088,0.000
2019-09-01T20:00,76.700,80.363,75.700,30.085,0.000
2019-09-01T20:10,76.500,80.163,75.700,30.085,2.000
2019-09-01T20:20,76.400,80.063,75.700,30.084,0.000
2019-09-01T20:30,76.300,80.093,76.700,30.082,0.000
2019-09-01T20:40,76.300,80.093,76.700,30.082,3.000
2019-09-01T20:50,76.200,79.993,76.700,30.084,0.000
2019-09-01T21:00,76.200,79.993,76.700,30.081,7.000
2019-09-01T21:10,76.100,79.893,76.700,30.081,0.000
2019-09-01T21:20,76.000,79.923,77.700,30.076,0.000
2019-09-01T21:40,75.800,79.855,78.700,30.071,0.000
2019-09-01T21:50,75.700,79.755,78.700,30.067,3.000
2019-09-01T22:00,75.700,79.755,78.700,30.069,0.000
2019-09-01T22:10,75.700,79.889,79.700,30.069,0.000
2019-09-01T22:20,75.600,79.789,79.700,30.069,0.000
2019-09-01T22:30,75.600,79.789,79.700,30.069,0.000
2019-09-01T22:40,75.500,79.689,79.700,30.069,0.000
2019-09-01T22:50,75.400,79.589,79.700,30.068,0.000
2019-09-01T23:00,75.300,79.489,79.700,30.065,0.000
2019-09-01T23:10,75.100,79.423,80.700,30.065,2.000
2019-09-01T23:20,75.000,79.323,80.700,30.065,0.000
2019-09-01T23:30,75.000,79.323,80.700,30.064,0.000
2019-09-01T23:40,75.000,79.323,80.700,30.064,0.000
2019-09-01T23:50,75.000,79.323,80.700,30.066,0.000
2019-09-02T00:00,75.000,79.459,81.700,30.063,0.000
2019-09-02T00:10,75.000,79.459,81.700,30.063,0.000
2019-09-02T00:20,75.000,79.459,81.700,30.060,0.000
2019-09-02T00:30,75.000,79.459,81.700,30.060,0.000
2019-09-02T00:40,74.900,79.359,81.700,30.060,0.000
2019-09-02T00:50,74.800,79.259,81.700,30.055,0.000
2019-09-02T01:00,74.800,79.259,81.700,30.052,0.000
2019-09-02T01:10,74.800,79.259,81.700,30.052,0.000
2019-09-02T01:20,74.800,79.259,81.700,30.047,0.000
2019-09-02T01:30,74.900,79.359,81.700,30.039,0.000
2019-09-02T01:40,74.900,79.359,81.700,30.039,0.000
2019-09-02T01:50,74.900,79.359,81.700,30.035,0.000
2019-09-02T02:00,74.800,79.259,81.700,30.035,0.000
2019-09-02T02:10,74.800,79.397,82.700,30.035,0.000
2019-09-02T02:20,74.800,79.397,82.700,30.031,0.000
2019-09-02T02:30,74.700,79.297,82.700,30.021,0.000
2019-09-02T02:40,74.600,79.197,82.700,30.021,0.000
2019-09-02T02:50,74.600,79.197,82.700,30.019,0.000
2019-09-02T03:00,74.500,79.097,82.700,30.008,0.000
2019-09-02T03:10,74.400,78.997,82.700,30.008,0.000
2019-09-02T03:20,74.400,78.997,82.700,30.001,0.000
2019-09-02T03:30,74.400,78.997,82.700,30.002,0.000
2019-09-02T03:40,74.300,78.897,82.700,30.002,0.000
2019-09-02T03:50,74.200,78.797,82.700,30.002,0.000
2019-09-02T04:00,74.100,78.697,82.700,29.997,0.000
2019-09-02T04:10,74.100,78.697,82.700,29.997,0.000
2019-09-02T04:20,74.000,78.597,82.700,29.998,0.000
2019-09-02T04:30,74.000,78.735,83.700,29.995,0.000
2019-09-02T04:40,74.000,78.735,83.700,29.995,0.000
2019-09-02T04:50,73.900,78.635,83.700,30.002,0.000
2019-09-02T05:00,73.900,78.635,83.700,30.004,0.000
2019-09-02T05:10,73.900,78.635,83.700,30.004,0.000
2019-09-02T05:20,73.800,78.535,83.700,30.004,0.000
2019-09-02T05:30,73.700,78.435,83.700,30.005,0.000
2019-09-02T05:40,73.800,78.535,83.700,30.005,0.000
2019-09-02T05:50,73.700,78.435,83.700,30.006,0.000
2019-09-02T06:00,73.700,78.435,83.700,30.005,0.000
2019-09-02T06:10,73.700,78.435,83.700,30.005,0.000
2019-09-02T06:20,73.700,78.435,83.700,30.005,0.000
2019-09-02T06:30,73.700,78.435,83.700,30.004,0.000
2019-09-02T06:40,73.700,78.435,83.700,30.004,0.000
2019-09-02T06:50,73.700,78.435,83.700,30.003,0.000
2019-09-02T07:00,73.700,78.575,84.700,30.004,0.000
2019-09-02T07:10,73.700,78.575,84.700,30.004,0.000
2019-09-02T07:20,73.800,78.675,84.700,30.006,0.000
2019-09-02T07:30,73.900,78.775,84.700,30.008,0.000
2019-09-02T07:40,74.200,79.075,84.700,30.008,0.000
2019-09-02T07:50,74.500,79.375,84.700,30.004,0.000
2019-09-02T08:00,74.800,79.675,84.700,30.003,0.000
2019-09-02T08:10,74.800,79.675,84.700,30.003,0.000
2019-09-02T08:20,75.600,80.475,84.700,30.004,0.000
2019-09-02T08:30,76.300,81.035,83.700,30.005,0.000
2019-09-02T08:40,76.900,81.497,82.700,30.005,0.000
2019-09-02T08:50,78.700,83.159,81.700,30.005,0.000
2019-09-02T09:00,80.800,85.393,76.700,30.005,0.000
2019-09-02T09:10,80.200,84.044,75.700,30.005,0.000
2019-09-02T09:20,80.500,83.872,70.700,30.005,0.000
2019-09-02T09:30,80.400,83.844,71.700,30.005,0.000
2019-09-02T09:40,80.400,83.844,71.700,30.005,0.000
2019-09-02T09:50,81.400,85.276,69.700,30.005,0.000
2019-09-02T10:00,80.600,83.601,67.700,30.004,0.000
2019-09-02T10:10,79.100,82.016,69.700,30.004,0.000
2019-09-02T10:20,80.500,83.585,68.700,30.001,0.000
2019-09-02T10:30,81.800,84.816,63.700,29.995,0.000
2019-09-02T10:40,82.100,84.895,61.700,29.995,0.000
2019-09-02T10:50,84.200,87.239,57.700,29.990,0.000
2019-09-02T11:00,84.300,87.399,57.700,29.989,0.000
2019-09-02T11:10,84.900,87.000,52.700,29.989,6.000
2019-09-02T11:20,83.100,85.131,55.700,29.987,0.000
2019-09-02T11:30,84.000,86.672,56.700,29.981,2.000
2019-09-02T11:40,86.200,88.690,51.700,29.981,0.000
2019-09-02T11:50,87.300,90.473,51.700,29.975,0.000
2019-09-02T12:00,86.600,89.324,51.700,29.973,3.000
2019-09-02T12:10,86.700,87.970,46.700,29.973,0.000
2019-09-02T12:20,87.600,90.277,49.700,29.969,3.000
2019-09-02T12:30,88.500,90.684,46.700,29.961,0.000
2019-09-02T12:40,88.300,88.782,41.700,29.961,0.000
2019-09-02T12:50,88.100,92.634,53.700,29.957,0.000
2019-09-02T13:00,87.700,89.127,45.700,29.952,0.000
2019-09-02T13:10,87.900,88.233,41.700,29.952,2.000
2019-09-02T13:20,87.700,87.695,40.700,29.945,0.000
2019-09-02T13:30,89.500,89.554,38.700,29.942,0.000
2019-09-02T13:40,90.600,90.787,37.700,29.942,0.000
2019-09-02T13:50,90.900,91.921,39.700,29.937,0.000
2019-09-02T14:00,90.200,91.215,40.700,29.929,0.000
2019-09-02T14:10,90.000,92.769,45.700,29.929,0.000
2019-09-02T14:20,90.600,92.195,41.700,29.926,0.000
2019-09-02T14:30,89.900,92.601,45.700,29.918,0.000
2019-09-02T14:40,89.300,91.610,45.700,29.918,1.000
2019-09-02T14:50,90.900,93.893,44.700,29.913,0.000
2019-09-02T15:00,90.300,94.128,47.700,29.905,0.000
2019-09-02T15:10,90.300,92.096,42.700,29.905,0.000
2019-09-02T15:20,89.400,90.360,41.700,29.902,0.000
2019-09-02T15:30,88.300,90.715,47.700,29.898,4.000
2019-09-02T15:40,89.400,91.044,43.700,29.898,0.000
2019-09-02T15:50,90.500,92.416,42.700,29.896,0.000
2019-09-02T16:00,89.600,91.724,44.700,29.893,0.000
2019-09-02T16:10,89.300,91.610,45.700,29.893,1.000
2019-09-02T16:20,89.500,91.937,45.700,29.888,0.000
2019-09-02T16:30,88.900,92.081,48.700,29.882,0.000
2019-09-02T16:40,88.500,90.684,46.700,29.882,3.000
2019-09-02T16:50,88.900,90.967,45.700,29.880,3.000
2019-09-02T17:00,88.400,90.185,45.700,29.880,0.000
2019-09-02T17:10,87.700,89.765,47.700,29.880,0.000
2019-09-02T17:20,87.400,89.302,47.700,29.879,0.000
2019-09-02T17:30,87.300,88.842,46.700,29.875,0.000
2019-09-02T17:40,86.700,88.551,48.700,29.875,0.000
2019-09-02T17:50,86.700,88.257,47.700,29.868,0.000
2019-09-02T18:00,86.100,87.670,48.700,29.869,0.000
2019-09-02T18:10,85.800,87.788,50.700,29.869,0.000
2019-09-02T18:20,85.300,87.596,52.700,29.868,2.000
2019-09-02T18:30,84.700,87.494,55.700,29.872,0.000
2019-09-02T18:40,84.800,87.930,56.700,29.872,0.000
2019-09-02T18:50,84.700,87.769,56.700,29.876,4.000
2019-09-02T19:00,84.200,87.239,57.700,29.875,0.000
2019-09-02T19:10,83.700,86.702,58.700,29.875,0.000
2019-09-02T19:20,82.900,85.917,60.700,29.881,0.000
2019-09-02T19:30,82.100,85.090,62.700,29.879,0.000
2019-09-02T19:40,81.500,84.354,63.700,29.879,0.000
2019-09-02T19:50,81.100,84.077,65.700,29.881,0.000
2019-09-02T20:00,80.700,83.611,66.700,29.882,1.000
2019-09-02T20:10,80.400,83.287,67.700,29.882,0.000
2019-09-02T20:20,80.200,83.107,68.700,29.884,0.000
2019-09-02T20:30,80.000,82.796,68.700,29.885,0.000
2019-09-02T20:40,79.800,82.596,68.700,29.885,5.000
2019-09-02T20:50,79.500,82.416,69.700,29.887,0.000
2019-09-02T21:00,79.200,82.237,70.700,29.882,0.000
2019-09-02T21:10,79.000,82.037,70.700,29.882,0.000
2019-09-02T21:20,78.700,81.860,71.700,29.882,0.000
2019-09-02T21:30,78.400,81.560,71.700,29.883,0.000
2019-09-02T21:40,78.200,81.360,71.700,29.883,0.000
2019-09-02T21:50,78.000,81.284,72.700,29.891,0.000
2019-09-02T22:00,77.800,81.084,72.700,29.899,2.000
2019-09-02T22:10,77.700,80.984,72.700,29.899,0.000
2019-09-02T22:20,77.500,80.784,72.700,29.904,0.000
2019-09-02T22:30,77.400,80.809,73.700,29.909,0.000
2019-09-02T22:40,77.200,80.609,73.700,29.909,0.000
2019-09-02T22:50,77.000,80.409,73.700,29.911,0.000
2019-09-02T23:00,76.800,80.335,74.700,29.911,1.000
2019-09-02T23:10,76.600,80.135,74.700,29.911,0.000
2019-09-02T23:20,76.600,80.263,75.700,29.911,1.000
2019-09-02T23:30,76.400,80.063,75.700,29.907,0.000
2019-09-02T23:40,76.300,79.963,75.700,29.907,0.000
2019-09-02T23:50,76.100,79.763,75.700,29.901,0.000
2019-09-03T00:00,75.900,79.693,76.700,29.902,0.000
2019-09-03T00:10,75.700,79.623,77.700,29.902,0.000
2019-09-03T00:20,75.500,79.423,77.700,29.904,0.000
2019-09-03T00:30,75.400,79.323,77.700,29.902,0.000
2019-09-03T00:40,75.200,79.123,77.700,29.902,0.000
2019-09-03T00:50,75.100,79.155,78.700,29.904,0.000
2019-09-03T01:00,74.900,78.955,78.700,29.900,5.000
2019-09-03T01:10,74.800,78.855,78.700,29.900,0.000
2019-09-03T01:20,74.800,78.855,78.700,29.897,0.000
2019-09-03T01:30,74.600,78.789,79.700,29.896,0.000
2019-09-03T01:40,74.600,78.789,79.700,29.896,0.000
2019-09-03T01:50,74.500,78.689,79.700,29.898,0.000
2019-09-03T02:00,74.300,78.623,80.700,29.896,0.000
2019-09-03T02:10,74.200,78.523,80.700,29.896,0.000
2019-09-03T02:20,74.100,78.423,80.700,29.894,0.000
2019-09-03T02:30,73.900,78.223,80.700,29.892,0.000
2019-09-03T02:40,73.800,78.123,80.700,29.892,0.000
2019-09-03T02:50,73.700,78.023,80.700,29.891,0.000
2019-09-03T03:00,73.700,78.023,80.700,29.889,0.000
2019-09-03T03:10,73.600,77.923,80.700,29.889,0.000
2019-09-03T03:20,73.500,77.823,80.700,29.890,0.000
2019-09-03T03:30,73.500,77.823,80.700,29.890,0.000
2019-09-03T03:40,73.400,77.723,80.700,29.890,0.000
2019-09-03T03:50,73.400,77.723,80.700,29.888,0.000
2019-09-03T04:00,73.500,77.823,80.700,29.882,0.000
2019-09-03T04:10,73.500,77.823,80.700,29.882,0.000
2019-09-03T04:20,73.300,77.623,80.700,29.882,0.000
2019-09-03T04:30,73.300,77.623,80.700,29.880,0.000
2019-09-03T04:40,73.100,77.423,80.700,29.880,0.000
2019-09-03T04:50,73.000,77.459,81.700,29.880,0.000
2019-09-03T05:00,73.000,77.459,81.700,29.881,0.000
2019-09-03T05:10,72.800,77.259,81.700,29.881,0.000
2019-09-03T05:20,72.800,77.259,81.700,29.883,0.000
2019-09-03T05:30,72.800,77.259,81.700,29.885,0.000
2019-09-03T05:40,72.800,77.259,81.700,29.885,0.000
2019-09-03T05:50,72.700,77.159,81.700,29.895,0.000
2019-09-03T06:00,72.600,77.197,82.700,29.897,0.000
2019-09-03T06:10,72.600,77.197,82.700,29.897,0.000
2019-09-03T06:20,72.700,77.297,82.700,29.906,0.000
2019-09-03T06:30,72.800,77.397,82.700,29.911,0.000
2019-09-03T06:40,72.900,77.497,82.700,29.911,0.000
2019-09-03T06:50,73.000,77.597,82.700,29.913,0.000
2019-09-03T07:00,73.200,77.935,83.700,29.915,0.000
2019-09-03T07:10,73.500,78.235,83.700,29.915,0.000
2019-09-03T07:20,73.700,78.435,83.700,29.914,0.000
2019-09-03T07:30,74.100,78.697,82.700,29.917,0.000
2019-09-03T07:40,74.200,78.797,82.700,29.917,0.000
2019-09-03T07:50,75.100,79.423,80.700,29.921,0.000
2019-09-03T08:00,76.300,80.355,78.700,29.924,0.000
2019-09-03T08:10,76.900,80.693,76.700,29.924,0.000
2019-09-03T08:20,76.600,80.393,76.700,29.926,0.000
2019-09-03T08:30,77.200,80.993,76.700,29.926,0.000
2019-09-03T08:40,78.600,82.263,75.700,29.926,0.000
2019-09-03T08:50,79.500,82.909,73.700,29.927,0.000
2019-09-03T09:00,79.900,83.060,71.700,29.928,0.000
2019-09-03T09:10,81.200,85.282,71.700,29.928,0.000
2019-09-03T09:20,82.100,86.337,68.700,29.930,0.000
2019-09-03T09:30,83.100,88.505,69.700,29.937,0.000
2019-09-03T09:40,83.100,88.234,68.700,29.937,0.000
2019-09-03T09:50,80.900,84.240,68.700,29.939,0.000
2019-09-03T10:00,84.700,90.192,64.700,29.940,0.000
2019-09-03T10:10,85.300,90.697,62.700,29.940,0.000
2019-09-03T10:20,86.400,93.735,64.700,29.940,0.000
2019-09-03T10:30,86.200,92.504,62.700,29.938,0.000
2019-09-03T10:40,82.400,86.660,67.700,29.938,0.000
2019-09-03T10:50,83.000,88.304,69.700,29.939,0.000
2019-09-03T11:00,85.600,91.288,62.700,29.934,0.000
2019-09-03T11:10,83.800,87.910,62.700,29.934,0.000
2019-09-03T11:20,84.000,88.841,64.700,29.932,1.000
2019-09-03T11:30,86.800,93.348,61.700,29.929,0.000
2019-09-03T11:40,85.600,90.583,60.700,29.929,0.000
2019-09-03T11:50,85.900,91.890,62.700,29.929,0.000
2019-09-03T12:00,84.600,89.361,62.700,29.927,0.000
2019-09-03T12:10,85.400,91.246,63.700,29.927,1.000
2019-09-03T12:20,89.900,98.720,58.700,29.926,0.000
2019-09-03T12:30,86.100,91.544,60.700,29.926,4.000
2019-09-03T12:40,87.100,92.736,58.700,29.926,0.000
2019-09-03T12:50,86.500,91.205,57.700,29.924,2.000
2019-09-03T13:00,84.100,89.030,64.700,29.926,2.000
2019-09-03T13:10,84.400,88.401,60.700,29.926,3.000
2019-09-03T13:20,84.300,89.412,64.700,29.927,5.000
2019-09-03T13:30,87.000,92.147,57.700,29.928,4.000
2019-09-03T13:40,87.200,92.934,58.700,29.928,5.000
2019-09-03T13:50,86.800,91.767,57.700,29.929,6.000
2019-09-03T14:00,87.100,91.571,55.700,29.927,5.000
2019-09-03T14:10,85.600,89.908,58.700,29.927,1.000
2019-09-03T14:20,87.200,91.379,54.700,29.923,0.000
2019-09-03T14:30,86.800,91.027,55.700,29.917,3.000
2019-09-03T14:40,86.000,88.679,52.700,29.917,0.000
2019-09-03T14:50,86.500,89.484,52.700,29.919,0.000
2019-09-03T15:00,85.400,87.471,51.700,29.924,5.000
2019-09-03T15:10,85.200,87.720,53.700,29.924,3.000
2019-09-03T15:20,85.500,88.481,54.700,29.913,4.000
2019-09-03T15:30,85.200,88.586,56.700,29.916,0.000
2019-09-03T15:40,84.600,87.885,57.700,29.916,0.000
2019-09-03T15:50,85.300,88.753,56.700,29.920,1.000
2019-09-03T16:00,84.100,87.081,57.700,29.919,3.000
2019-09-03T16:10,84.300,87.669,58.700,29.919,0.000
2019-09-03T16:20,84.300,87.945,59.700,29.914,0.000
2019-09-03T16:30,84.300,87.945,59.700,29.917,2.000
2019-09-03T16:40,84.000,87.986,61.700,29.917,0.000
2019-09-03T16:50,83.800,88.185,63.700,29.915,6.000
2019-09-03T17:00,81.500,84.891,66.700,29.918,2.000
2019-09-03T17:10,80.600,83.746,68.700,29.918,1.000
2019-09-03T17:20,81.600,85.439,68.700,29.923,6.000
2019-09-03T17:30,80.500,83.585,68.700,29.917,8.000
2019-09-03T17:40,80.600,83.746,68.700,29.917,0.000
2019-09-03T17:50,79.600,82.516,69.700,29.919,0.000
2019-09-03T18:00,79.100,81.777,67.700,29.928,0.000
2019-09-03T18:10,78.900,81.577,67.700,29.928,0.000
2019-09-03T18:20,78.900,81.696,68.700,29.926,1.000
2019-09-03T18:30,78.700,81.496,68.700,29.927,0.000
2019-09-03T18:40,78.500,81.416,69.700,29.927,0.000
2019-09-03T18:50,78.500,81.416,69.700,29.928,2.000
2019-09-03T19:00,78.200,81.116,69.700,29.927,0.000
2019-09-03T19:10,77.600,80.396,68.700,29.927,3.000
2019-09-03T19:20,77.100,79.896,68.700,29.924,0.000
2019-09-03T19:30,76.600,79.516,69.700,29.925,0.000
2019-09-03T19:40,76.200,79.360,71.700,29.925,6.000
2019-09-03T19:50,75.900,79.184,72.700,29.927,0.000
2019-09-03T20:00,75.600,79.009,73.700,29.927,0.000
2019-09-03T20:10,75.300,78.835,74.700,29.927,0.000
2019-09-03T20:20,75.100,78.763,75.700,29.925,0.000
2019-09-03T20:30,74.900,78.693,76.700,29.929,0.000
2019-09-03T20:40,74.700,78.623,77.700,29.929,0.000
2019-09-03T20:50,74.600,78.523,77.700,29.929,0.000
2019-09-03T21:00,74.500,78.555,78.700,29.928,0.000
2019-09-03T21:10,74.400,78.455,78.700,29.928,0.000
2019-09-03T21:20,74.300,78.355,78.700,29.930,0.000
2019-09-03T21:30,74.200,78.389,79.700,29.936,0.000
2019-09-03T21:40,74.100,78.289,79.700,29.936,0.000
2019-09-03T21:50,74.100,78.289,79.700,29.929,0.000
2019-09-03T22:00,74.000,78.189,79.700,29.934,0.000
2019-09-03T22:10,73.900,78.223,80.700,29.934,0.000
2019-09-03T22:20,73.900,78.223,80.700,29.937,0.000
2019-09-03T22:30,73.900,78.223,80.700,29.929,0.000
2019-09-03T22:40,73.900,78.223,80.700,29.929,0.000
2019-09-03T22:50,73.900,78.223,80.700,29.930,0.000
2019-09-03T23:00,73.800,78.123,80.700,29.926,0.000
2019-09-03T23:10,73.800,78.123,80.700,29.926,0.000
2019-09-03T23:20,73.700,78.159,81.700,29.922,0.000
2019-09-03T23:30,73.700,78.159,81.700,29.915,0.000
2019-09-03T23:40,73.600,78.059,81.700,29.915,0.000
2019-09-03T23:50,73.600,78.059,81.700,29.914,0.000
2019-09-04T00:00,73.500,77.959,81.700,29.921,0.000
2019-09-04T00:10,73.500,77.959,81.700,29.921,0.000
2019-09-04T00:20,73.500,77.959,81.700,29.916,0.000
2019-09-04T00:30,73.400,77.859,81.700,29.914,0.000
2019-09-04T00:40,73.400,77.859,81.700,29.914,0.000
2019-09-04T00:50,73.300,77.897,82.700,29.914,0.000
2019-09-04T01:00,73.200,77.797,82.700,29.922,0.000
2019-09-04T01:10,73.100,77.697,82.700,29.922,0.000
2019-09-04T01:20,73.000,77.597,82.700,29.921,0.000
2019-09-04T01:30,73.000,77.597,82.700,29.912,0.000
2019-09-04T01:40,72.900,77.497,82.700,29.912,0.000
2019-09-04T01:50,72.800,77.397,82.700,29.911,0.000
2019-09-04T02:00,72.700,77.297,82.700,29.911,0.000
2019-09-04T02:10,72.700,77.297,82.700,29.911,0.000
2019-09-04T02:20,72.600,77.197,82.700,29.911,0.000
2019-09-04T02:30,72.600,77.197,82.700,29.909,0.000
2019-09-04T02:40,72.500,77.235,83.700,29.909,0.000
2019-09-04T02:50,72.400,77.135,83.700,29.903,0.000
2019-09-04T03:00,72.400,77.135,83.700,29.903,0.000
2019-09-04T03:10,72.400,77.135,83.700,29.903,0.000
2019-09-04T03:20,72.300,77.035,83.700,29.907,0.000
2019-09-04T03:30,72.200,76.935,83.700,29.906,0.000
2019-09-04T03:40,72.200,76.935,83.700,29.906,0.000
2019-09-04T03:50,72.100,76.835,83.700,29.903,0.000
2019-09-04T04:00,72.200,76.935,83.700,29.906,0.000
2019-09-04T04:10,72.100,76.835,83.700,29.906,0.000
2019-09-04T04:20,72.200,76.935,83.700,29.912,0.000
2019-09-04T04:30,72.300,77.175,84.700,29.912,0.000
2019-09-04T04:40,72.300,77.175,84.700,29.912,0.000
2019-09-04T04:50,72.200,77.075,84.700,29.913,0.000
2019-09-04T05:00,72.200,76.935,83.700,29.912,0.000
2019-09-04T05:10,72.100,76.975,84.700,29.912,0.000
2019-09-04T05:20,72.100,76.975,84.700,29.915,0.000
2019-09-04T05:30,72.100,76.975,84.700,29.924,0.000
2019-09-04T05:40,72.100,76.975,84.700,29.924,0.000
2019-09-04T05:50,72.100,76.975,84.700,29.929,0.000
2019-09-04T06:00,72.100,76.975,84.700,29.939,0.000
2019-09-04T06:10,72.000,76.875,84.700,29.939,0.000
2019-09-04T06:20,72.100,76.975,84.700,29.938,0.000
2019-09-04T06:30,72.100,76.975,84.700,29.944,0.000
2019-09-04T06:40,72.000,76.875,84.700,29.944,0.000
2019-09-04T06:50,72.000,76.875,84.700,29.945,0.000
2019-09-04T07:00,72.000,76.875,84.700,29.952,0.000
2019-09-04T07:10,72.100,76.975,84.700,29.952,0.000
2019-09-04T07:20,72.400,77.275,84.700,29.954,0.000
2019-09-04T07:30,73.000,78.017,85.700,29.953,0.000
2019-09-04T07:40,74.000,79.017,85.700,29.953,0.000
2019-09-04T07:50,74.100,78.975,84.700,29.953,0.000
2019-09-04T08:00,74.100,78.975,84.700,29.946,0.000
2019-09-04T08:10,74.200,79.075,84.700,29.946,0.000
2019-09-04T08:20,74.600,79.475,84.700,29.949,0.000
2019-09-04T08:30,75.100,79.975,84.700,29.953,0.000
2019-09-04T08:40,75.500,80.375,84.700,29.953,0.000
2019-09-04T08:50,75.900,80.775,84.700,29.956,3.000
2019-09-04T09:00,76.500,81.235,83.700,29.959,0.000
2019-09-04T09:10,76.900,81.497,82.700,29.959,0.000
2019-09-04T09:20,77.900,82.497,82.700,29.957,0.000
2019-09-04T09:30,78.400,82.723,80.700,29.954,3.000
2019-09-04T09:40,78.600,82.655,78.700,29.954,1.000
2019-09-04T09:50,79.100,83.023,77.700,29.944,0.000
2019-09-04T10:00,79.600,83.263,75.700,29.940,0.000
2019-09-04T10:10,79.700,83.493,76.700,29.940,0.000
2019-09-04T10:20,80.100,83.588,73.700,29.931,5.000
2019-09-04T10:30,80.900,85.246,74.700,29.932,5.000
2019-09-04T10:40,81.900,86.835,72.700,29.932,4.000
2019-09-04T10:50,83.500,89.323,69.700,29.935,1.000
2019-09-04T11:00,84.000,90.377,69.700,29.930,0.000
2019-09-04T11:10,85.500,92.185,65.700,29.930,0.000
2019-09-04T11:20,86.200,92.504,62.700,29.933,0.000
2019-09-04T11:30,84.700,90.192,64.700,29.926,3.000
2019-09-04T11:40,86.400,92.919,62.700,29.926,0.000
2019-09-04T11:50,85.900,91.890,62.700,29.920,0.000
2019-09-04T12:00,86.900,93.145,60.700,29.913,0.000
2019-09-04T12:10,85.600,90.932,61.700,29.913,0.000
2019-09-04T12:20,84.800,90.390,64.700,29.906,0.000
2019-09-04T12:30,85.500,90.395,60.700,29.897,1.000
2019-09-04T12:40,85.500,91.090,62.700,29.897,0.000
2019-09-04T12:50,85.200,90.166,61.700,29.896,0.000
2019-09-04T13:00,86.000,91.718,61.700,29.892,2.000
2019-09-04T13:10,86.500,90.844,56.700,29.892,0.000
2019-09-04T13:20,87.000,92.940,59.700,29.892,4.000
2019-09-04T13:30,86.000,90.636,58.700,29.886,2.000
2019-09-04T13:40,87.200,93.345,59.700,29.886,3.000
2019-09-04T13:50,87.400,92.519,56.700,29.881,0.000
2019-09-04T14:00,88.000,93.265,55.700,29.881,4.000
2019-09-04T14:10,88.000,94.560,58.700,29.881,0.000
2019-09-04T14:20,88.000,93.265,55.700,29.878,0.000
2019-09-04T14:30,88.400,94.046,55.700,29.875,4.000
2019-09-04T14:40,88.500,93.808,54.700,29.875,0.000
2019-09-04T14:50,88.800,93.525,52.700,29.870,4.000
2019-09-04T15:00,88.400,93.615,54.700,29.868,1.000
2019-09-04T15:10,88.400,94.939,57.700,29.868,2.000
2019-09-04T15:20,88.800,95.778,57.700,29.868,0.000
2019-09-04T15:30,88.500,93.808,54.700,29.866,0.000
2019-09-04T15:40,89.700,96.213,54.700,29.866,0.000
2019-09-04T15:50,89.700,95.257,52.700,29.866,0.000
2019-09-04T16:00,87.800,93.715,57.700,29.864,0.000
2019-09-04T16:10,87.200,91.755,55.700,29.864,0.000
2019-09-04T16:20,87.000,92.540,58.700,29.861,0.000
2019-09-04T16:40,85.900,90.452,58.700,29.854,4.000
2019-09-04T16:50,85.600,89.908,58.700,29.859,0.000
2019-09-04T17:00,85.400,89.875,59.700,29.859,3.000
2019-09-04T17:10,85.400,89.550,58.700,29.859,2.000
2019-09-04T17:20,85.000,89.470,60.700,29.857,0.000
2019-09-04T17:30,85.000,89.157,59.700,29.859,1.000
2019-09-04T17:40,84.700,89.236,61.700,29.859,0.000
2019-09-04T17:50,84.400,88.693,61.700,29.863,0.000
2019-09-04T18:00,84.100,88.160,61.700,29.861,0.000
2019-09-04T18:10,84.000,87.986,61.700,29.861,0.000
2019-09-04T18:20,83.700,87.734,62.700,29.857,0.000
2019-09-04T18:30,83.500,87.647,63.700,29.857,0.000
2019-09-04T18:40,83.300,87.295,63.700,29.857,0.000
2019-09-04T18:50,83.300,87.295,63.700,29.858,0.000
2019-09-04T19:00,83.200,87.121,63.700,29.857,0.000
2019-09-04T19:10,83.100,86.948,63.700,29.857,0.000
2019-09-04T19:20,82.700,86.499,64.700,29.858,0.000
2019-09-04T19:40,82.100,85.697,65.700,29.858,0.000
2019-09-04T19:50,81.800,85.393,66.700,29.859,0.000
2019-09-04T20:00,81.500,85.076,67.700,29.859,0.000
2019-09-04T20:10,81.300,84.917,68.700,29.859,0.000
2019-09-04T20:20,81.000,84.407,68.700,29.863,0.000
2019-09-04T20:30,80.800,84.231,69.700,29.866,0.000
2019-09-04T20:40,80.600,83.894,69.700,29.866,0.000
2019-09-04T20:50,80.500,83.872,70.700,29.866,0.000
2019-09-04T21:00,80.500,84.019,71.700,29.865,0.000
2019-09-04T21:10,80.600,84.349,72.700,29.865,0.000
2019-09-04T21:20,80.600,84.505,73.700,29.866,0.000
2019-09-04T21:30,80.600,84.505,73.700,29.865,0.000
2019-09-04T21:40,80.600,84.662,74.700,29.865,2.000
2019-09-04T21:50,80.500,84.471,74.700,29.865,0.000
2019-09-04T22:00,80.400,84.281,74.700,29.865,0.000
2019-09-04T22:10,80.300,84.092,74.700,29.865,0.000
2019-09-04T22:20,80.100,83.720,74.700,29.864,0.000
2019-09-04T22:30,79.900,83.435,74.700,29.861,4.000
2019-09-04T22:40,79.700,83.235,74.700,29.861,0.000
2019-09-04T22:50,79.600,83.263,75.700,29.865,0.000
2019-09-04T23:00,79.400,83.063,75.700,29.865,0.000
2019-09-04T23:10,79.200,82.863,75.700,29.865,0.000
2019-09-04T23:20,79.100,82.893,76.700,29.864,0.000
2019-09-04T23:30,78.900,82.693,76.700,29.858,0.000
2019-09-04T23:40,78.800,82.593,76.700,29.858,0.000
2019-09-04T23:50,78.600,82.523,77.700,29.853,0.000
2019-09-05T00:00,78.500,82.423,77.700,29.857,0.000
2019-09-05T00:10,78.400,82.455,78.700,29.857,0.000
2019-09-05T00:20,78.200,82.255,78.700,29.860,0.000
2019-09-05T00:30,78.100,82.155,78.700,29.865,0.000
2019-09-05T00:40,78.000,82.055,78.700,29.865,0.000
2019-09-05T00:50,77.800,81.855,78.700,29.866,0.000
2019-09-05T01:00,77.800,81.855,78.700,29.866,0.000
2019-09-05T01:10,77.700,81.755,78.700,29.866,0.000
2019-09-05T01:20,77.700,81.755,78.700,29.873,0.000
2019-09-05T01:30,77.600,81.789,79.700,29.875,0.000
2019-09-05T01:40,77.500,81.689,79.700,29.875,0.000
2019-09-05T01:50,77.400,81.589,79.700,29.879,0.000
2019-09-05T02:00,77.300,81.489,79.700,29.880,0.000
2019-09-05T02:10,77.100,81.289,79.700,29.880,0.000
2019-09-05T02:20,77.000,81.323,80.700,29.876,0.000
2019-09-05T02:30,76.800,81.123,80.700,29.867,0.000
2019-09-05T02:40,76.700,81.023,80.700,29.867,0.000
2019-09-05T02:50,76.600,80.923,80.700,29.865,0.000
2019-09-05T03:00,76.400,80.723,80.700,29.864,0.000
2019-09-05T03:10,76.300,80.759,81.700,29.864,0.000
2019-09-05T03:20,76.200,80.659,81.700,29.861,0.000
2019-09-05T03:30,76.200,80.659,81.700,29.864,0.000
2019-09-05T03:40,76.200,80.659,81.700,29.864,0.000
2019-09-05T03:50,76.100,80.559,81.700,29.866,0.000
2019-09-05T04:00,76.100,80.697,82.700,29.867,0.000
2019-09-05T04:10,76.100,80.697,82.700,29.867,0.000
2019-09-05T04:20,76.100,80.697,82.700,29.870,0.000
2019-09-05T04:30,76.000,80.597,82.700,29.870,0.000
2019-09-05T04:40,76.000,80.597,82.700,29.870,0.000
2019-09-05T04:50,76.000,80.597,82.700,29.867,0.000
2019-09-05T05:00,75.900,80.635,83.700,29.871,0.000
2019-09-05T05:10,75.900,80.635,83.700,29.871,0.000
2019-09-05T05:20,75.900,80.635,83.700,29.869,0.000
2019-09-05T05:30,75.800,80.535,83.700,29.867,0.000
2019-09-05T05:40,75.800,80.535,83.700,29.867,0.000
2019-09-05T05:50,75.700,80.435,83.700,29.866,0.000
2019-09-05T06:00,75.700,80.435,83.700,29.869,0.000
2019-09-05T06:10,75.700,80.435,83.700,29.869,0.000
2019-09-05T06:20,75.600,80.335,83.700,29.866,0.000
2019-09-05T06:30,75.600,80.335,83.700,29.870,0.000
2019-09-05T06:40,75.500,80.235,83.700,29.870,0.000
2019-09-05T06:50,75.500,80.235,83.700,29.879,0.000
2019-09-05T07:00,75.600,80.335,83.700,29.882,0.000
2019-09-05T07:10,75.700,80.435,83.700,29.882,0.000
2019-09-05T07:20,75.800,80.535,83.700,29.891,0.000
2019-09-05T07:30,75.900,80.635,83.700,29.894,0.000
2019-09-05T07:40,76.000,80.735,83.700,29.894,0.000
2019-09-05T07:50,76.200,80.935,83.700,29.895,0.000
2019-09-05T08:00,76.400,81.275,84.700,29.892,0.000
2019-09-05T08:10,76.600,81.475,84.700,29.892,0.000
2019-09-05T08:20,76.700,81.575,84.700,29.895,3.000
2019-09-05T08:30,76.800,81.535,83.700,29.896,0.000
2019-09-05T08:40,76.900,81.635,83.700,29.896,0.000
2019-09-05T08:50,77.100,81.835,83.700,29.896,0.000
2019-09-05T09:00,77.700,82.435,83.700,29.894,0.000
2019-09-05T09:10,78.000,82.735,83.700,29.894,0.000
2019-09-05T09:20,78.500,83.097,82.700,29.883,0.000
2019-09-05T09:30,79.000,83.597,82.700,29.881,0.000
2019-09-05T09:40,79.500,83.959,81.700,29.881,0.000
2019-09-05T09:50,80.100,84.540,80.700,29.876,0.000
2019-09-05T10:00,80.300,84.827,79.700,29.877,2.000
2019-09-05T10:10,80.900,85.599,76.700,29.877,0.000
2019-09-05T10:20,82.100,88.448,77.700,29.876,0.000
2019-09-05T10:30,83.900,91.135,72.700,29.881,3.000
2019-09-05T10:40,83.600,90.453,72.700,29.881,0.000
2019-09-05T10:50,82.800,88.972,73.700,29.887,0.000
2019-09-05T11:00,83.300,89.489,71.700,29.882,2.000
2019-09-05T11:10,84.500,92.174,71.700,29.882,2.000
2019-09-05T11:20,84.100,90.268,68.700,29.873,0.000
2019-09-05T11:30,83.500,89.323,69.700,29.871,3.000
2019-09-05T11:40,83.800,90.264,70.700,29.871,0.000
2019-09-05T11:50,83.900,90.163,69.700,29.869,3.000
2019-09-05T12:00,85.300,92.506,67.700,29.864,4.000
2019-09-05T12:10,84.200,90.808,69.700,29.864,5.000
2019-09-05T12:20,83.500,89.620,70.700,29.863,4.000
2019-09-05T12:30,84.000,90.701,70.700,29.863,1.000
2019-09-05T12:40,83.400,89.705,71.700,29.863,4.000
2019-09-05T12:50,82.300,87.895,73.700,29.854,5.000
2019-09-05T13:00,81.700,87.086,75.700,29.860,0.000
2019-09-05T13:10,83.400,90.624,74.700,29.860,0.000
2019-09-05T13:20,84.100,91.943,73.700,29.862,1.000
2019-09-05T13:30,84.700,92.272,70.700,29.865,0.000
2019-09-05T13:40,85.400,92.728,67.700,29.865,0.000
2019-09-05T13:50,84.000,90.701,70.700,29.858,5.000
2019-09-05T14:00,83.800,89.951,69.700,29.859,0.000
2019-09-05T14:10,84.400,91.245,69.700,29.859,3.000
2019-09-05T14:20,85.300,93.278,69.700,29.861,5.000
2019-09-05T14:30,84.100,89.950,67.700,29.849,5.000
2019-09-05T14:40,83.600,89.531,69.700,29.849,4.000
2019-09-05T14:50,82.300,87.170,70.700,29.843,5.000
2019-09-05T15:00,81.400,85.850,72.700,29.835,2.000
2019-09-05T15:10,81.100,85.458,73.700,29.835,4.000
2019-09-05T15:20,81.200,85.653,73.700,29.830,7.000
2019-09-05T15:30,82.100,87.239,72.700,29.822,0.000
2019-09-05T15:40,81.900,86.835,72.700,29.822,0.000
2019-09-05T15:50,81.600,86.240,72.700,29.824,0.000
2019-09-05T16:00,81.300,85.849,73.700,29.825,9.000
2019-09-05T16:10,80.700,84.855,74.700,29.825,2.000
2019-09-05T16:20,80.200,83.905,74.700,29.819,6.000
2019-09-05T16:30,79.600,83.135,74.700,29.818,2.000
2019-09-05T16:40,79.300,82.963,75.700,29.818,0.000
2019-09-05T16:50,79.300,83.093,76.700,29.815,1.000
2019-09-05T17:00,78.900,82.563,75.700,29.818,4.000
2019-09-05T17:10,78.500,82.293,76.700,29.818,0.000
2019-09-05T17:20,78.200,81.993,76.700,29.815,0.000
2019-09-05T17:30,78.000,81.793,76.700,29.809,3.000
2019-09-05T17:40,77.600,81.523,77.700,29.809,9.000
2019-09-05T17:50,76.800,80.989,79.700,29.809,0.000
2019-09-05T18:00,76.100,80.289,79.700,29.814,5.000
2019-09-05T18:10,75.700,80.023,80.700,29.814,5.000
2019-09-05T18:20,75.600,79.923,80.700,29.816,0.000
2019-09-05T18:30,75.400,79.723,80.700,29.809,0.000
2019-09-05T18:40,75.300,79.623,80.700,29.809,1.000
2019-09-05T18:50,75.300,79.623,80.700,29.804,0.000
2019-09-05T19:00,75.200,79.523,80.700,29.793,4.000
2019-09-05T19:10,75.200,79.523,80.700,29.793,0.000
2019-09-05T19:20,75.100,79.423,80.700,29.796,1.000
2019-09-05T19:30,75.200,79.523,80.700,29.797,0.000
2019-09-05T19:40,75.200,79.523,80.700,29.797,2.000
2019-09-05T19:50,75.200,79.523,80.700,29.793,0.000
2019-09-05T20:00,75.300,79.623,80.700,29.798,1.000
2019-09-05T20:10,75.300,79.623,80.700,29.798,0.000
2019-09-05T20:20,75.400,79.723,80.700,29.788,0.000
2019-09-05T20:30,75.400,79.723,80.700,29.776,0.000
2019-09-05T20:40,75.400,79.723,80.700,29.776,1.000
2019-09-05T20:50,75.300,79.623,80.700,29.778,0.000
2019-09-05T21:00,75.300,79.623,80.700,29.788,0.000
2019-09-05T21:10,75.300,79.623,80.700,29.788,3.000
2019-09-05T21:20,75.300,79.623,80.700,29.789,0.000
2019-09-05T21:30,75.400,79.723,80.700,29.787,2.000
2019-09-05T21:40,75.400,79.723,80.700,29.787,14.000
2019-09-05T21:50,75.500,79.689,79.700,29.779,1.000
2019-09-05T22:00,75.500,79.689,79.700,29.765,6.000
2019-09-05T22:10,75.600,79.789,79.700,29.765,4.000
2019-09-05T22:20,75.700,80.023,80.700,29.751,3.000
2019-09-05T22:30,75.800,80.123,80.700,29.743,0.000
2019-09-05T22:40,75.800,80.123,80.700,29.743,1.000
2019-09-05T22:50,75.700,80.023,80.700,29.742,3.000
2019-09-05T23:00,75.700,80.023,80.700,29.743,0.000
2019-09-05T23:10,75.600,79.923,80.700,29.743,0.000
2019-09-05T23:20,75.600,79.923,80.700,29.742,0.000
2019-09-05T23:30,75.500,79.823,80.700,29.742,1.000
2019-09-05T23:40,75.600,79.923,80.700,29.742,0.000
2019-09-05T23:50,75.600,79.923,80.700,29.735,6.000
2019-09-06T00:00,75.600,79.923,80.700,29.722,2.000
2019-09-06T00:10,75.400,79.723,80.700,29.722,1.000
2019-09-06T00:20,75.400,79.723,80.700,29.712,3.000
2019-09-06T00:30,75.300,79.623,80.700,29.700,4.000
2019-09-06T00:40,74.900,79.359,81.700,29.700,0.000
2019-09-06T00:50,74.700,79.159,81.700,29.699,4.000
2019-09-06T01:00,74.600,79.197,82.700,29.697,0.000
2019-09-06T01:10,74.500,79.097,82.700,29.697,0.000
2019-09-06T01:20,74.600,79.059,81.700,29.690,9.000
2019-09-06T01:30,74.600,79.059,81.700,29.681,0.000
2019-09-06T01:40,74.700,79.159,81.700,29.681,10.000
2019-09-06T01:50,74.900,79.359,81.700,29.679,3.000
2019-09-06T02:00,75.000,79.323,80.700,29.671,10.000
2019-09-06T02:10,75.100,79.423,80.700,29.671,1.000
2019-09-06T02:20,75.400,79.723,80.700,29.661,9.000
2019-09-06T02:30,75.400,79.589,79.700,29.648,0.000
2019-09-06T02:40,75.500,79.689,79.700,29.648,7.000
2019-09-06T02:50,75.500,79.689,79.700,29.630,10.000
2019-09-06T03:00,75.700,79.889,79.700,29.630,7.000
2019-09-06T03:10,75.600,79.789,79.700,29.630,6.000
2019-09-06T03:20,75.000,79.323,80.700,29.619,0.000
2019-09-06T03:30,74.600,79.059,81.700,29.617,3.000
2019-09-06T03:40,74.400,78.997,82.700,29.617,10.000
2019-09-06T03:50,74.200,78.935,83.700,29.610,5.000
2019-09-06T04:00,74.100,78.835,83.700,29.601,3.000
2019-09-06T04:10,74.000,78.735,83.700,29.601,10.000
2019-09-06T04:20,73.900,78.635,83.700,29.590,7.000
2019-09-06T04:30,73.900,78.635,83.700,29.575,7.000
2019-09-06T04:40,73.900,78.635,83.700,29.575,5.000
2019-09-06T04:50,73.800,78.535,83.700,29.559,9.000
2019-09-06T05:00,73.900,78.497,82.700,29.559,0.000
2019-09-06T05:10,73.800,78.535,83.700,29.559,0.000
2019-09-06T05:20,73.800,78.535,83.700,29.557,13.000
2019-09-06T05:30,73.700,78.435,83.700,29.551,10.000
2019-09-06T05:40,73.700,78.435,83.700,29.551,3.000
2019-09-06T05:50,73.600,78.335,83.700,29.548,8.000
2019-09-06T06:00,73.500,78.235,83.700,29.544,2.000
2019-09-06T06:10,73.500,78.235,83.700,29.544,0.000
2019-09-06T06:20,73.300,78.035,83.700,29.544,2.000
2019-09-06T06:30,73.200,77.935,83.700,29.530,6.000
2019-09-06T06:40,73.100,77.975,84.700,29.530,0.000
2019-09-06T06:50,73.100,77.975,84.700,29.529,1.000
2019-09-06T07:00,73.100,77.975,84.700,29.522,5.000
2019-09-06T07:10,73.100,77.975,84.700,29.522,1.000
2019-09-06T07:20,73.200,78.075,84.700,29.513,3.000
2019-09-06T07:30,73.300,78.175,84.700,29.508,0.000
2019-09-06T07:40,73.300,78.175,84.700,29.508,7.000
2019-09-06T07:50,73.400,78.275,84.700,29.500,15.000
2019-09-06T08:00,73.400,78.275,84.700,29.498,16.000
2019-09-06T08:10,73.500,78.375,84.700,29.498,15.000
2019-09-06T08:20,73.500,78.375,84.700,29.497,5.000
2019-09-06T08:30,73.500,78.375,84.700,29.497,15.000
2019-09-06T08:40,73.500,78.375,84.700,29.497,11.000
2019-09-06T08:50,72.700,77.575,84.700,29.498,21.000
2019-09-06T09:00,72.300,77.035,83.700,29.488,12.000
2019-09-06T09:10,72.600,77.475,84.700,29.488,9.000
2019-09-06T09:20,72.600,77.475,84.700,29.494,0.000
2019-09-06T09:30,72.100,76.835,83.700,29.485,4.000
2019-09-06T09:40,71.600,76.475,84.700,29.485,2.000
2019-09-06T09:50,71.300,76.175,84.700,29.486,0.000
2019-09-06T10:00,71.100,75.975,84.700,29.482,4.000
2019-09-06T10:10,71.000,75.875,84.700,29.482,1.000
2019-09-06T10:20,71.000,75.875,84.700,29.482,0.000
2019-09-06T10:30,70.900,75.775,84.700,29.488,5.000
2019-09-06T10:40,71.100,75.975,84.700,29.488,2.000
2019-09-06T10:50,71.200,76.075,84.700,29.495,1.000
2019-09-06T11:00,71.200,76.075,84.700,29.493,15.000
2019-09-06T11:10,71.300,76.175,84.700,29.493,12.000
2019-09-06T11:20,71.300,76.175,84.700,29.487,0.000
2019-09-06T11:30,71.100,75.975,84.700,29.483,9.000
2019-09-06T11:40,70.400,75.275,84.700,29.483,6.000
2019-09-06T11:50,70.000,74.875,84.700,29.499,17.000
2019-09-06T12:00,69.700,74.575,84.700,29.511,6.000
2019-09-06T12:10,69.600,74.475,84.700,29.511,13.000
2019-09-06T12:20,69.300,74.175,84.700,29.501,10.000
2019-09-06T12:30,69.100,73.975,84.700,29.500,9.000
2019-09-06T12:40,69.000,73.875,84.700,29.500,13.000
2019-09-06T12:50,69.000,73.875,84.700,29.514,15.000
2019-09-06T13:00,69.100,73.975,84.700,29.514,5.000
2019-09-06T13:10,69.200,74.075,84.700,29.514,6.000
2019-09-06T13:20,68.900,73.775,84.700,29.526,0.000
2019-09-06T13:30,68.500,73.375,84.700,29.529,5.000
2019-09-06T13:40,68.000,72.875,84.700,29.529,19.000
2019-09-06T13:50,68.100,72.975,84.700,29.529,14.000
2019-09-06T14:00,68.200,73.075,84.700,29.531,9.000
2019-09-06T14:10,68.100,72.975,84.700,29.531,4.000
2019-09-06T14:20,68.000,72.875,84.700,29.544,6.000
2019-09-06T14:30,67.900,72.775,84.700,29.559,0.000
2019-09-06T14:40,67.800,72.675,84.700,29.559,4.000
2019-09-06T14:50,67.700,72.575,84.700,29.556,15.000
2019-09-06T15:00,67.700,72.575,84.700,29.559,4.000
2019-09-06T15:10,67.700,72.575,84.700,29.559,12.000
2019-09-06T15:20,67.800,72.675,84.700,29.560,11.000
2019-09-06T15:30,67.800,72.535,83.700,29.568,11.000
2019-09-06T15:40,68.000,72.735,83.700,29.568,2.000
2019-09-06T15:50,68.000,72.735,83.700,29.575,9.000
2019-09-06T16:00,68.000,72.597,82.700,29.585,12.000
2019-09-06T16:10,68.100,72.697,82.700,29.585,7.000
2019-09-06T16:20,68.000,72.459,81.700,29.590,3.000
2019-09-06T16:30,67.900,72.359,81.700,29.605,10.000
2019-09-06T16:40,67.900,72.223,80.700,29.605,9.000
2019-09-06T16:50,68.000,72.323,80.700,29.615,0.000
2019-09-06T17:00,68.100,72.423,80.700,29.626,0.000
2019-09-06T17:10,68.100,72.289,79.700,29.626,5.000
2019-09-06T17:20,68.200,72.389,79.700,29.635,3.000
2019-09-06T17:30,68.300,72.489,79.700,29.639,7.000
2019-09-06T17:40,68.400,72.455,78.700,29.639,11.000
2019-09-06T17:50,68.500,72.555,78.700,29.650,4.000
2019-09-06T18:00,68.600,72.523,77.700,29.652,5.000
2019-09-06T18:10,68.700,72.623,77.700,29.652,13.000
2019-09-06T18:20,68.700,72.623,77.700,29.663,9.000
2019-09-06T18:30,68.800,72.723,77.700,29.667,0.000
2019-09-06T18:40,68.900,72.823,77.700,29.667,0.000
2019-09-06T18:50,69.000,72.923,77.700,29.673,13.000
2019-09-06T19:00,68.800,72.723,77.700,29.681,0.000
2019-09-06T19:10,68.600,72.523,77.700,29.681,0.000
2019-09-06T19:20,68.500,72.555,78.700,29.683,2.000
2019-09-06T19:30,68.300,72.355,78.700,29.687,0.000
2019-09-06T19:40,68.100,72.155,78.700,29.687,0.000
2019-09-06T19:50,67.900,72.089,79.700,29.692,0.000
2019-09-06T20:00,67.600,71.789,79.700,29.696,3.000
2019-09-06T20:10,67.400,71.589,79.700,29.696,0.000
2019-09-06T20:20,67.300,71.489,79.700,29.698,0.000
2019-09-06T20:30,67.100,71.289,79.700,29.706,0.000
2019-09-06T20:40,66.800,71.123,80.700,29.706,0.000
2019-09-06T20:50,66.600,70.923,80.700,29.706,0.000
2019-09-06T21:10,66.200,70.659,81.700,29.707,0.000
2019-09-06T21:20,66.000,70.459,81.700,29.704,0.000
2019-09-06T21:30,65.900,70.359,81.700,29.705,0.000
2019-09-06T21:40,65.800,70.259,81.700,29.705,0.000
2019-09-06T21:50,65.600,70.059,81.700,29.706,0.000
2019-09-06T22:00,65.500,69.959,81.700,29.706,0.000
2019-09-06T22:10,65.400,69.859,81.700,29.706,0.000
2019-09-06T22:20,65.300,69.759,81.700,29.707,0.000
2019-09-06T22:30,65.200,69.659,81.700,29.712,0.000
2019-09-06T22:40,65.200,69.797,82.700,29.712,0.000
2019-09-06T22:50,65.100,69.559,81.700,29.715,0.000
2019-09-06T23:00,65.000,69.597,82.700,29.717,0.000
2019-09-06T23:10,64.800,69.397,82.700,29.717,0.000
2019-09-06T23:20,64.700,69.297,82.700,29.715,0.000
2019-09-06T23:30,64.700,69.297,82.700,29.720,0.000
2019-09-06T23:40,64.600,69.197,82.700,29.720,0.000
2019-09-06T23:50,64.500,69.097,82.700,29.724,0.000
2019-09-07T00:00,64.400,68.997,82.700,29.727,0.000
2019-09-07T00:10,64.400,68.997,82.700,29.727,0.000
2019-09-07T00:20,64.200,68.797,82.700,29.724,0.000
2019-09-07T00:30,64.100,68.835,83.700,29.725,0.000
2019-09-07T00:40,64.000,68.597,82.700,29.725,0.000
2019-09-07T00:50,63.800,68.535,83.700,29.728,0.000
2019-09-07T01:00,63.800,68.535,83.700,29.727,0.000
2019-09-07T01:10,63.700,68.435,83.700,29.727,0.000
2019-09-07T01:20,63.600,68.335,83.700,29.730,0.000
2019-09-07T01:30,63.600,68.335,83.700,29.730,0.000
2019-09-07T01:40,63.600,68.475,84.700,29.730,0.000
2019-09-07T01:50,63.500,68.235,83.700,29.730,0.000
2019-09-07T02:00,63.300,68.035,83.700,29.731,0.000
2019-09-07T02:10,63.200,67.935,83.700,29.731,0.000
2019-09-07T02:20,63.000,67.875,84.700,29.731,0.000
2019-09-07T02:30,62.900,67.775,84.700,29.731,0.000
2019-09-07T02:40,62.900,67.775,84.700,29.731,0.000
2019-09-07T02:50,62.900,67.775,84.700,29.729,0.000
2019-09-07T03:00,62.900,67.775,84.700,29.729,0.000
2019-09-07T03:10,63.000,67.875,84.700,29.729,0.000
2019-09-07T03:20,63.100,67.975,84.700,29.729,0.000
2019-09-07T03:30,63.200,68.075,84.700,29.727,0.000
2019-09-07T03:40,63.300,68.175,84.700,29.727,0.000
2019-09-07T03:50,63.200,68.075,84.700,29.727,0.000
2019-09-07T04:00,63.200,68.075,84.700,29.729,0.000
2019-09-07T04:10,63.100,67.975,84.700,29.729,0.000
2019-09-07T04:20,63.000,67.875,84.700,29.730,0.000
2019-09-07T04:30,62.900,67.775,84.700,29.735,0.000
2019-09-07T04:40,62.800,67.675,84.700,29.735,0.000
2019-09-07T04:50,62.800,67.675,84.700,29.735,0.000
2019-09-07T05:00,62.800,67.675,84.700,29.740,0.000
2019-09-07T05:10,62.800,67.675,84.700,29.740,0.000
2019-09-07T05:20,62.700,67.575,84.700,29.745,0.000
2019-09-07T05:30,62.600,67.475,84.700,29.751,0.000
2019-09-07T05:40,62.600,67.617,85.700,29.751,0.000
2019-09-07T05:50,62.500,67.517,85.700,29.755,0.000
2019-09-07T06:00,62.400,67.417,85.700,29.762,0.000
2019-09-07T06:10,62.400,67.417,85.700,29.762,0.000
2019-09-07T06:20,62.300,67.175,84.700,29.769,0.000
2019-09-07T06:30,62.200,67.075,84.700,29.770,0.000
2019-09-07T06:40,62.300,67.317,85.700,29.770,0.000
2019-09-07T06:50,62.300,67.317,85.700,29.776,0.000
2019-09-07T07:00,62.300,67.317,85.700,29.777,0.000
2019-09-07T07:10,62.500,67.517,85.700,29.777,0.000
2019-09-07T07:20,62.700,67.717,85.700,29.784,0.000
2019-09-07T07:30,63.300,68.317,85.700,29.791,0.000
2019-09-07T07:40,63.700,68.717,85.700,29.791,0.000
2019-09-07T07:50,64.300,69.317,85.700,29.792,0.000
2019-09-07T08:00,65.100,70.117,85.700,29.793,0.000
2019-09-07T08:10,65.800,70.817,85.700,29.793,0.000
2019-09-07T08:20,66.500,71.517,85.700,29.794,0.000
2019-09-07T08:30,67.100,72.117,85.700,29.801,0.000
2019-09-07T08:40,68.700,73.435,83.700,29.801,0.000
2019-09-07T08:50,69.400,73.859,81.700,29.805,0.000
2019-09-07T09:00,69.500,73.689,79.700,29.807,0.000
2019-09-07T09:10,70.200,73.993,76.700,29.807,0.000
2019-09-07T09:20,71.600,75.655,78.700,29.806,0.000
2019-09-07T09:30,72.100,75.635,74.700,29.806,0.000
2019-09-07T09:40,72.300,75.584,72.700,29.806,0.000
2019-09-07T09:50,73.400,76.560,71.700,29.811,0.000
2019-09-07T10:00,73.900,77.309,73.700,29.816,0.000
2019-09-07T10:10,74.900,78.309,73.700,29.816,2.000
2019-09-07T10:20,74.100,77.509,73.700,29.818,0.000
2019-09-07T10:30,75.300,78.216,69.700,29.820,0.000
2019-09-07T10:40,76.900,79.816,69.700,29.820,1.000
2019-09-07T10:50,76.400,78.844,65.700,29.818,1.000
2019-09-07T11:00,77.400,79.960,66.700,29.814,3.000
2019-09-07T11:10,77.800,79.795,61.700,29.814,0.000
2019-09-07T11:20,78.200,80.085,60.700,29.813,2.000
2019-09-07T11:30,79.800,81.578,59.700,29.806,2.000
2019-09-07T11:40,79.600,80.960,55.700,29.806,0.000
2019-09-07T11:50,79.900,80.674,49.700,29.807,0.000
2019-09-07T12:00,80.400,81.132,49.700,29.805,0.000
2019-09-07T12:10,80.900,82.215,54.700,29.805,0.000
2019-09-07T12:20,80.700,81.411,49.700,29.805,4.000
2019-09-07T12:30,81.000,82.069,52.700,29.800,1.000
2019-09-07T12:40,81.700,82.546,50.700,29.800,0.000
2019-09-07T12:50,81.400,81.967,48.700,29.793,4.000
2019-09-07T13:00,82.100,83.298,52.700,29.794,2.000
2019-09-07T13:10,82.600,83.384,49.700,29.794,0.000
2019-09-07T13:20,83.200,84.654,52.700,29.794,3.000
2019-09-07T13:30,83.000,83.669,48.700,29.794,2.000
2019-09-07T13:40,82.900,84.657,54.700,29.794,0.000
2019-09-07T13:50,83.700,84.299,47.700,29.793,2.000
2019-09-07T14:00,83.500,85.046,52.700,29.790,0.000
2019-09-07T14:10,82.400,84.006,54.700,29.790,0.000
2019-09-07T14:20,83.500,83.884,46.700,29.789,2.000
2019-09-07T14:30,83.500,84.639,50.700,29.789,3.000
2019-09-07T14:40,82.700,83.011,46.700,29.789,0.000
2019-09-07T14:50,84.800,85.651,47.700,29.788,3.000
2019-09-07T15:00,82.300,83.535,52.700,29.787,0.000
2019-09-07T15:10,83.900,85.583,52.700,29.787,0.000
2019-09-07T15:20,83.900,85.809,53.700,29.778,0.000
2019-09-07T15:30,84.300,85.674,50.700,29.776,0.000
2019-09-07T15:40,84.500,85.489,48.700,29.776,5.000
2019-09-07T15:50,83.800,84.417,47.700,29.776,0.000
2019-09-07T16:00,83.700,83.754,44.700,29.778,0.000
2019-09-07T16:10,83.700,84.689,49.700,29.778,0.000
2019-09-07T16:20,81.900,82.912,51.700,29.780,0.000
2019-09-07T16:30,83.100,84.145,50.700,29.777,0.000
2019-09-07T16:40,83.400,83.599,45.700,29.777,0.000
2019-09-07T16:50,82.900,83.224,46.700,29.777,0.000
2019-09-07T17:00,83.500,84.840,51.700,29.780,0.000
2019-09-07T17:10,83.000,83.498,47.700,29.780,0.000
2019-09-07T17:20,83.000,84.025,50.700,29.783,0.000
2019-09-07T17:30,83.100,84.333,51.700,29.789,0.000
2019-09-07T17:40,80.500,82.135,57.700,29.789,0.000
2019-09-07T17:50,80.800,82.490,57.700,29.792,0.000
2019-09-07T18:00,79.900,81.678,59.700,29.795,0.000
2019-09-07T18:10,78.700,80.695,61.700,29.795,3.000
2019-09-07T18:20,77.900,80.005,62.700,29.794,0.000
2019-09-07T18:30,77.400,79.617,63.700,29.800,0.000
2019-09-07T18:40,77.200,79.417,63.700,29.800,0.000
2019-09-07T18:50,77.100,79.317,63.700,29.805,0.000
2019-09-07T19:00,76.800,79.130,64.700,29.809,0.000
2019-09-07T19:10,76.400,78.960,66.700,29.809,0.000
2019-09-07T19:20,76.000,78.677,67.700,29.814,0.000
2019-09-07T19:30,75.700,78.496,68.700,29.820,0.000
2019-09-07T19:40,75.500,78.416,69.700,29.820,0.000
2019-09-07T19:50,75.400,78.316,69.700,29.822,0.000
2019-09-07T20:00,75.200,78.237,70.700,29.833,0.000
2019-09-07T20:10,75.100,78.137,70.700,29.833,0.000
2019-09-07T20:20,75.100,78.137,70.700,29.836,0.000
2019-09-07T20:30,75.000,78.037,70.700,29.845,0.000
2019-09-07T20:40,74.900,77.937,70.700,29.845,0.000
2019-09-07T20:50,74.700,77.860,71.700,29.848,0.000
2019-09-07T21:00,74.500,77.537,70.700,29.851,0.000
2019-09-07T21:10,74.400,77.437,70.700,29.851,0.000
2019-09-07T21:20,74.100,77.260,71.700,29.855,0.000
2019-09-07T21:30,74.000,77.160,71.700,29.865,0.000
2019-09-07T21:40,73.800,76.960,71.700,29.865,0.000
2019-09-07T21:50,73.700,76.860,71.700,29.866,0.000
2019-09-07T22:00,73.400,76.560,71.700,29.866,0.000
2019-09-07T22:10,73.200,76.360,71.700,29.866,0.000
2019-09-07T22:20,73.100,76.260,71.700,29.867,0.000
2019-09-07T22:30,72.800,75.837,70.700,29.869,0.000
2019-09-07T22:40,72.600,75.637,70.700,29.869,0.000
2019-09-07T22:50,72.400,75.437,70.700,29.871,0.000
2019-09-07T23:00,72.200,75.116,69.700,29.871,0.000
2019-09-07T23:10,72.000,74.916,69.700,29.871,0.000
2019-09-07T23:20,71.800,74.837,70.700,29.868,0.000
2019-09-07T23:30,71.600,74.637,70.700,29.872,0.000
2019-09-07T23:40,71.300,74.337,70.700,29.872,0.000
2019-09-07T23:50,71.200,74.237,70.700,29.874,0.000
